{
  "hash": "d21de48f",
  "configHash": "e532da50",
  "lockfileHash": "c221dbed",
  "browserHash": "eb0b59be",
  "optimized": {
    "@angular/common": {
      "src": "../../../../../../node_modules/@angular/common/fesm2022/common.mjs",
      "file": "@angular_common.js",
      "fileHash": "43983d29",
      "needsInterop": false
    },
    "@angular/common/http": {
      "src": "../../../../../../node_modules/@angular/common/fesm2022/http.mjs",
      "file": "@angular_common_http.js",
      "fileHash": "6b02b4eb",
      "needsInterop": false
    },
    "@angular/core": {
      "src": "../../../../../../node_modules/@angular/core/fesm2022/core.mjs",
      "file": "@angular_core.js",
      "fileHash": "484b5d65",
      "needsInterop": false
    },
    "@angular/forms": {
      "src": "../../../../../../node_modules/@angular/forms/fesm2022/forms.mjs",
      "file": "@angular_forms.js",
      "fileHash": "d5306756",
      "needsInterop": false
    },
    "@angular/material/button": {
      "src": "../../../../../../node_modules/@angular/material/fesm2022/button.mjs",
      "file": "@angular_material_button.js",
      "fileHash": "73767847",
      "needsInterop": false
    },
    "@angular/material/input": {
      "src": "../../../../../../node_modules/@angular/material/fesm2022/input.mjs",
      "file": "@angular_material_input.js",
      "fileHash": "bbe245f1",
      "needsInterop": false
    },
    "@angular/material/table": {
      "src": "../../../../../../node_modules/@angular/material/fesm2022/table.mjs",
      "file": "@angular_material_table.js",
      "fileHash": "5770d47e",
      "needsInterop": false
    },
    "@angular/platform-browser": {
      "src": "../../../../../../node_modules/@angular/platform-browser/fesm2022/platform-browser.mjs",
      "file": "@angular_platform-browser.js",
      "fileHash": "7fe4bfe1",
      "needsInterop": false
    },
    "@angular/router": {
      "src": "../../../../../../node_modules/@angular/router/fesm2022/router.mjs",
      "file": "@angular_router.js",
      "fileHash": "76fc86da",
      "needsInterop": false
    },
    "@angular/material/form-field": {
      "src": "../../../../../../node_modules/@angular/material/fesm2022/form-field.mjs",
      "file": "@angular_material_form-field.js",
      "fileHash": "ac8987c2",
      "needsInterop": false
    },
    "@angular/platform-browser/animations": {
      "src": "../../../../../../node_modules/@angular/platform-browser/fesm2022/animations.mjs",
      "file": "@angular_platform-browser_animations.js",
      "fileHash": "e9d1a4bf",
      "needsInterop": false
    }
  },
  "chunks": {
    "chunk-KCCTWKLV": {
      "file": "chunk-KCCTWKLV.js"
    },
    "chunk-SWSJ66HC": {
      "file": "chunk-SWSJ66HC.js"
    },
    "chunk-72F4254N": {
      "file": "chunk-72F4254N.js"
    },
    "chunk-3V72ELMN": {
      "file": "chunk-3V72ELMN.js"
    },
    "chunk-YD547YUY": {
      "file": "chunk-YD547YUY.js"
    },
    "chunk-KEINRJH6": {
      "file": "chunk-KEINRJH6.js"
    },
    "chunk-VFCH6KWE": {
      "file": "chunk-VFCH6KWE.js"
    },
    "chunk-PRJN52XK": {
      "file": "chunk-PRJN52XK.js"
    }
  }
}